SOURCE_SUBREDDIT,TARGET_SUBREDDIT
leagueoflegends,teamredditteams
theredlion,soccer
inlandempire,bikela
nfl,cfb
playmygame,gamedev
dogemarket,dogecoin
locationbot,legaladvice
indiefied,aww
posthardcore,bestof2013
posthardcore,corejerk
gfycat,india
metalcore,bestof2013
metalcore,corejerk
suicidewatch,offmychest
dogecoin,novacoin
gaming4gamers,fallout
kpop,dota2
airsoft,airsoftmarket
circlebroke,childfree
tribes,games
oldschoolcoolnsfw,pics
fl_vapers,vaperequests
jailbreak,flextweak
corejerk,bestof2013
iama,todayilearned
bandnames,books
thedoctorstravels,hungergamesrp
politicaldiscussion,todayilearned
uncomfortableqs,debatereligion
connecticut,ctbeer
metafitnesscirclejerk,fitnesscirclejerk
srssucks,funny
thehiddenbar,writingprompts
circlejerkcopypasta,askreddit
karmaconspiracy,funny
denverbroncos,seahawks
askreddit,todayilearned
civcraft,leningrad
gaybros,askreddit
turntablists,vinyl
minecraftbattles,minecraft
highqualitygifs,bestof2013
reactiongifs,bestof2013
badkarma,gamesell
civcraft,lifeprotips
writingprompts,pics
bluebirds,soccer
askanthropology,askhistorians
hailcorporate,firstworldanarchists
badhistory,worldpolitics
jobs4dogecoins,dogecoin
swoleacceptance,gainit
conspiratard,badscience
casualiama,teenagers
radioreddit,python
australia,sydney
minnesotavikings,nfl
civagora,civcraft
booksuggestions,books
thepopcornstand,news
redskins,nfl
datarecovery,dogecoin
basicincome,canadapolitics
autism,aspergers
raisedbynarcissists,adviceanimals
baramanga,gaybros
baramanga,gaymers
hailcorporate,cfb
metaphotography,photography
silkroad,themarketplace
darknetmarkets,themarketplace
askmen,askwomen
circloljerk,leagueoflegends
blackfellas,changemyview
enhancement,contagiouslaughter
hailcorporate,getmotivated
writingprompts,gifs
subredditdrama,reactiongifs
bitcoin,novacoin
codghosts,games
mlptcg,mylittlepony
tagpro,oceanictagpro
yugijerk,yugioh
civsolitude,civcraft
apps,askreddit
dadjokes,askreddit
copypasta,fffffffuuuuuuuuuuuu
ghosts,askreddit
ghosts,mysteriesoftheworld
vita,games
paranormal,wanttobelieve
dailydot,television
dailydot,iama
dailydot,mildlyinteresting
dailydot,movies
dailydot,nostupidquestions
dailydot,ask_politics
cryptozoology,wanttobelieve
skeptic,wanttobelieve
circlejerkcopypasta,mensrights
alaskanmalamute,dogtraining
dogecoin,dogecoindev
goldenrealm,mcservers
hailcorporate,frugal
explainlikeimfive,technology
circlebroke,science
circlebroke,environment
copypasta,wtf
education,parenting
chromecast,android
askscience,videos
hailcorporate,prettygirls
television,televisionclub
ar15,guns
koryu,martialarts
dadjokes,explainlikeimfive
seduction,socialskills
secondworldanarchists,firstworldanarchists
sysadmin,askreddit
uhccourtroom,ultrahardcore
nofap,meditation
ps4,twitch
doctorsyn,starcitizen_trades
civrealms,civcraft
boxingcirclejerk,boxing
futurebeats,trap
offmychest,worldnews
modernmagic,spikes
thehiddenbar,writingprompts
djent,metalcore
againstmensrights,subredditdrama
nba,nfl
circlebroke,lostgeneration
chelseafc,soccer
atheism,nfl
atheism,subredditdrama
pornfree,nofap
iama,harley
soccer,ligue1
gameboy,gamesell
subredditdrama,orvilleawards
smitelfm,smite
pokemongiveaway,pokemontrades
magicthecirclejerking,magictcg
badphilosophy,pics
bitcoinmarkets,bitcoin
askhistory,worldnews
london,askreddit
windowsphone,wplockscreens
gunners,soccer
enoughlibertarianspam,anarchism
soccer,jleague
soccer,leaguetwo
soccer,laliga
exmuslim,islam
writingprompts,gaming
outoftheloop,todayilearned
hailcorporate,progresspics
urbanplanning,lahabra
bigfoot,wanttobelieve
dogecoin,dogecoinpif
modhelp,dredmorbius
conspiracy,conspiratocracy
twitch,smite
pornoverlords,quotesporn
relationships,askpsychology
detroitredwings,leafs
nflofftopic,funny
brisbane,australia
askreddit,pics
starcitizen_trades,doctorsyn
seinfeld,iama
movies,iama
weirdenglish,funny
javascriptart,findareddit
outreachhpg,mwo
flextweak,jailbreak
tifu,adviceanimals
gamecollecting,gamesell
tolkienfans,askhistorians
digital_immortality,futurology
gradschool,iama
assassinscreed,science
weddingplanning,efreebies
pokemonromhacks,silentsapphire
purplepilldebate,thebluepill
wiiu,smashbros
bitcoinfrance,bitcoin
writingprompts,askreddit
tf2weaponideas,tf2
learndota2,dota2
subredditdrama,news
atletico,soccer
perfectloops,educationalgifs
hailcorporate,mildlyinteresting
bitcoincirclejerk,bitcoin
circlejerkcopypasta,bitcoin
altcoin,novacoin
circlebroke,funny
writing,youshouldknow
karmacourt,wiiu
dogemining,litecoinmining
foreveralone,relationships
truestl,skyrim
stalkerwatch,conspiracy
asknetsec,iwanttolearn
trees,askreddit
corejerk,metalcore
debatereligion,exmuslim
trees,iama
iama,wtf
iwanttolearn,askreddit
dailydot,losangeles
dailydot,cosplay
dailydot,askscience
dailydot,nfl
dailydot,iama
dailydot,nosleep
dailydot,woahdude
dailydot,explainlikeimfive
iama,3dprinting
femalefashionadvice,goodyearwelt
buildapc,buildapcsales
atheism,islam
music,todayilearned
asktrp,askmen
subredditdrama,science
openbroke,science
crazyideas,iama
luthier,mandolin
frugal,personalfinance
mandolin,luthier
hailcorporate,funny
asktransgender,transpassing
conspiracy,news
pokemonrng,shinypokemon
gifrequests,community
help,gamedev
xxketo,keto
karmacourtattorneys,karmacourtblog
swoleacceptance,funny
rawdenim,goodyearwelt
dogecoinbeg,dogemining
askhistorians,iama
shitredditsays,programming
ptcgo,pokemon
dogecoin,iama
paradoxplaza,eu4
purplepilldebate,redkings
runescape,askreddit
askreddit,weddingplanning
vita,iama
rangers,hockey
randomactsofgaming,globaloffensive
seduction,depression
bitvid,cringe
cowboys,nfl
bikeshop,randomactsofbicycle
smitelfm,smite
india,medicalschool
scientology,tellusofyourgods
engineering,netsec
improv,casualiama
mindcrackdiscussion,mindcrack
mcfc,chibears
edmproduction,videos
metanarchism,anarchism
nolibswatch,atheism
jailbreak,pebble
frisson,teenagers
circlejerkcopypasta,circlebroke
yiff,furry
circlejerkcopypasta,swiftmangacomics
pokemon,todayilearned
srsmen,trollychromosome
frisson,aww
thehiddenbar,writingprompts
rawdenim,malefashionadvice
casualiama,fantheories
darknetmarkets,silkroad
nbacirclejerk,nba
karmaconspiracy,iama
pokemonvgc,pokemon
subredditdrama,circlebroke
bitcoinmarkets,bitcoin
browns,nfl
bitcoin,bing
circlebroke,debatereligion
deadbedrooms,sex
buildapc,htpc
swoleacceptance,wtf
needadvice,pcmasterrace
dayz,truegaming
offmychest,schizoid
relationships,sex
outoftheloop,talesfromretail
tablets,gaming
dadjokes,pics
audiorepair,techsupport
canadaguns,adviceanimals
dota2modding,dota2
fallout,pcgaming
circlebroke,news
suicidewatch,changemyview
mma,iama
nocontext_wallpapers,videos
dayzlfg,dayz
soccer,atletico
circlebroke,wtf
destinyknot,poketradereferences
subredditdrama,short
leagueoflegends,leagueoflegendsmeta
casualiama,unitedkingdom
depression,askreddit
quilting,etsy
fallout,falloutequestria
naruto,onepiece
askhistorians,askscience
leagueofgiving,leagueoflegends
iama,videos
leagueoflegends,iama
atletico,footballhighlights
atletico,soccer
uiowa,iowacity
origami,paperairplanes
itmejp,cynicalbrit
askreddit,pics
askreddit,sydney
asksciencefiction,iama
explainlikeimfive,dataisbeautiful
watches,malefashionadvice
bitcoin,jobs4bitcoins
edmprodcirclejerk,edmproduction
actuallesbians,lgbt
linuxmint,ubuntu
aggta,gaming
hailcorporate,gaming
see,trees
hiphopheads,iama
frisson,writingprompts
casualpokemontrades,pokemontrades
shitredditsays,todayilearned
starcitizen,guildwars2
blender,indiegaming
gaybros,askreddit
boxing,pics
starcitizen_trades,doctorsyn
frugalmalefashion,goodyearwelt
shitstatistssay,politics
pmsfeedback,pmsforsale
askscience,pics
darknetmarkets,bitmessage
cardinals,baseball
debatereligion,debateachristian
magicskyfairy,changemyview
vapeitforward,electronic_cigarette
outoftheloop,soccer
redditdev,linux
subredditdrama,todayilearned
fcs,cfb
metaconservative,conservative
androidapps,bitcoin
libertarian,conservative
hailcorporate,pics
custommagic,mtglegacy
srssucks,worldnews
karmacourtattorneys,karmacourt
pcmasterrace,litecoinmining
chibears,nfl
rugbyunion,soccer
tf2,tf2trade
circlejerkcopypasta,books
mensrights,pics
subredditdrama,canada
dadjokes,4chan
hailcorporate,videos
dota2,dotaconcepts
circlejerkcopypasta,subredditdrama
circlebroke2,offmychest
goodshillhunting,anarchism
goodshillhunting,metanarchism
xxfitness,fitness
askwomen,askmen
mauritius,earthporn
hailcorporate,adviceanimals
showerthoughts,blowit
karmacourtblog,karmacourt
gaybroscirclejerk,askgaybros
uncertifiedlaw,karmacourt
yugijerk,yugioh
soldiers,askreddit
locationbot,legaladvice
dogemarket,dogecoin
saginaw,michigan
anime,toonami
anime,spacedandy
locksmith,askhistory
eddfaction,starcitizen
mvmatchup,tf2
movies,iama
civcraftexchange,civcraft_orion
squaredcircle,thesmarkees
orangered,chromanauts
writing,pics
truepokemon,pokemon
suicidewatch,selfharm
dogemining,dogecoin
rdao,pokemon
bugs,knives
tagpro,askreddit
usps,pics
karmacourt,pokemon
hailcorporate,awesome
colorblind,boardgames
bdsmcommunity,fistedhusband
conspiracy,askreddit
halifax,funny
askuk,todayilearned
subredditdrama,freebies
circlejerkcopypasta,wtf
cyberpunk,futurology
cyberpunk,basicincome
swoleacceptance,relationships
pokemon,pokemongiveaway
monacoin,coinedup
dogecoinbeg,dogecoin
dubstep,realdubstep
leaguetwo,soccer
infinitecoin,coinedup
vpn,privacy
france,lyon
france,schweiz
france,bretagne
france,pics
france,offbeat
france,reunionisland
france,nottheonion
france,ecouteca
france,belgium
france,frenchelectro
france,quebec
kpop,hiphopheads
smalldickproblems,sex
portland,okcupid
progresspics,loseit
casualiama,iama
gpumining,litecoinmining
bugs,bitcoin
trueanime,japaneseanimation
dogemarket,giftcardexchange
malefashionadvice,diy
linux4noobs,techsupport
tolkienfans,thehobbit
ilivein,wtf
whoyagonnacall,ploungemafia
politicaldiscussion,television
plex,techsupport
beards,oney
hailcorporate,funny
cork,ireland
entrepreneur,crazyideas
wowthisisabuttsex,mildlyinteresting
trees,lotr
chiefkeef,forza
mushroomkingdom,gamesale
subredditdrama,askreddit
autowikibot,wtf
civcraft,civagora
sneakermarket,sneakers
karmacourt,trees
theoryoffearme,fearme
investing,stockmarket
lifeprotips,pics
surface,fitbit
pac12,collegebasketball
dogecoin,litecoin
watercooling,buildapc
frugal,productivity
touhoumusic,touhou
explainlikeimfive,astronomy
legaladvice,philadelphia
mafiaclubhouse,ploungemafia
buseswitharms,bitchimabus
writingprompts,askreddit
clashofclans,askreddit
hailcorporate,hawaii
askreddit,explainlikeimfive
circlebroke,askreddit
conspiratocracy,worldnews
conspiratocracy,conspiracy
self,teenagers
buildapc,cablemanagement
crabdancemc,minecraft
fpv,entrepreneur
iama,politics
scholar,askhistorians
chargers,charitablebets
paydaytheheist,lifeasannpc
hailcorporate,wtf
circlejerkaustralia,australia
wnyseddit,seduction
tipofmypenis,nsfw
botwatch,congressionalhound
dirtypenpals,incest
bdsm,bdsmcommunity
legaladvice,realestate
askreddit,videos
askreddit,mensrights
randomactsofblowjob,randomactsofmuffdive
help,minecraftsuggestions
mwo,outreachhpg
hailcorporate,offmychest
aviation,nottheonion
askreddit,pics
ausfinance,personalfinance
circlejerkcopypasta,circlebroke
matad_crucible,pics
nostupidquestions,pics
ultrahardcore,minecraft
snsd,koreanvariety
subredditdramas,parenting
subredditdramas,subredditdrama
askreddit,4chan
circlebroke,television
gunners,footballhighlights
grandrapids,netflix
solving_a858,a858de45f56d9bc9
circlebroke,debatereligion
circlebroke,debateachristian
brokenjokes,askreddit
libertariancopypasta,politicaldiscussion
iama,india
astronomy,india
indianews,india
bass,music
astronomy,science
shitamericanssay,shitpoliticssays
destinyknot,poketradereferences
dadjokes,writing
frenchhouse,frenchhouseproduction
dogecoin,askscience
hackex,android
listentothis,listentoconcerts
singleguymeals,askreddit
askscience,videos
neopets,askreddit
3amjokes,askreddit
communism101,communism
polandballarena,polandball
circlebroke,worldnews
sysadmin,usefulscripts
scotland,unitedkingdom
subredditdrama,guildwars2
dogecoin,quarkcoin
smartwatch,pebble
argentinacirclejerk,argentina
anime,trueanime
actuallesbians,askreddit
lgbt,askreddit
playstationsolutions,battlefield_4
seinfeld,iama
dailydot,funny
dailydot,geek
dailydot,todayilearned
dailydot,iama
dailydot,sanantonio
dailydot,explainlikeimfive
dailydot,technology
patriots,nfl
unitedkingdom,scotland
findareddit,news
standup,standupshots
userbattles,choosetheadventure
reactiongifme,internetama
findareddit,golf
hailcorporate,pics
redditfr,changemyview
tvadvice,hometheater
locationbot,legaladvice
clashredditmike,clashofclans
svenskpolitik,iama
mead,askreddit
roguelikes,gamedev
anime,gundam
djent,progmetal
firstworldanarchists,mildlyinteresting
youtube,yms
playrustservers,worldofrust
crunchbang,debian
4000dollarart,delusionalartists
bitcointip,bitcoin
pokemongiveaway,casualpokemontrades
cowboybebop,spacedandy
wiiu,gaming
writingprompts,todayilearned
lowcar,iama
attackontitan,shingekinokyojin
hailcorporate,television
fandomnatural,askreddit
redoric,politics
bitcoinmining,gpumining
sixwordstories,wtf
learnprogramming,compilebot
circlejerkcopypasta,lipsthatgrip
highseddit,seduction
conspiracy,history
libertarian,changemyview
atletico,soccer
outoftheloop,funny
bandnames,whatisthisthing
dirtykik,dirtykikpals
circlebroke2,childfree
truthordareme,dirtykikpals
civpetrania,civcraft
trees,lebanon
adhd,askreddit
dogecoin,dota2trade
soccer,leaguetwo
soccer,leagueone
soccer,laliga
pjrp_community,percyjacksonrp
xmen,comicbooks
legaladvice,android
theoryofreddit,television
buffy,iama
floridagators,cfb
sports,cfb
circlebroke,todayilearned
futurologymoderators,futurology
srssucks,adviceanimals
acc,cfb
100movies365days,movieaweek
dogemarket,dogecoin
purplepilldebate,theredpill
srsmicroaggressions,polyamory
explainlikeimfive,adviceanimals
karmacourt,fishing
karmacourt,videos
calgaryflames,hockey
legaladvice,videos
xkcd,india
tablets,gaming
teenagers,television
mlplounge,todayilearned
civcraft,civcraftexchange
cpp_questions,gamedev
starcitizencss,starcitizen
lifeprotips,pics
hailcorporate,adviceanimals
skeptic,news
askelectronics,ece
nolibswatch,stalkerwatch
circlejerkcopypasta,hiphopheads
templeofthephil,leafs
magictcg,changemyview
colts,azcardinals
judaism,worldnews
askmen,askwomen
socialskills,socialanxiety
askreddit,theredpill
learnprogramming,javahelp
conspiracy,news
bonsai,pics
explainlikeimfive,wtf
eve,gaming
askgsm,tumblrinaction
reddittroopers,clashofclans
tipofmypenis,hotchickswithtattoos
hailcorporate,news
thehiddenbar,writingprompts
autowikibot,gaming
hailcorporate,videos
askreddit,videos
explainlikeimfive,funny
freekarma,jailbreak
androidquestions,youtube
gonewildstories,dirtypenpals
srssucks,shitredditsays
askreddit,politics
subredditdrama,itmejp
subredditdrama,starcraft
shotguns,ukguns
shanghai,chinajobs
ufocoin,coinedup
metaphotography,photography
pirates,redditlogos
topgear,iama
dawngate,leagueoflegends
predators,hockey
netflix,uiuc
gamedev,cpp_questions
writingprompts,askreddit
army,iama
openbox,linux_gaming
italy,pics
paleo,todayilearned
italy,explainlikeiama
design,nfl
buildapc,techsupport
coyotes,hockey
thechroniclesofjeb,kerbalspaceprogram
subredditdrama,speedrun
buildapc,litecoinmining
adhd,raisedbynarcissists
noparticipation,saudiarabia
projectcyberpunkworld,selfpublish
judaism,christianity
askreddit,adviceanimals
oblivion,talesfromtamriel
bluegrass,listentoconcerts
progrockmusic,listentoconcerts
karmacourt,funny
karmacourt,pics
corenet,mcservers
wearethemusicmakers,chicagomusicscene
circlebroke,seduction
jazz,listentoconcerts
okcupid,portland
twoxchromosomes,mmfb
dailydot,gaming
dailydot,askhistorians
dailydot,theoryofreddit
dailydot,askscience
dailydot,iama
dailydot,standupshots
dailydot,askreddit
dailydot,explainlikeimfive
competitivehalo,halo
fastfood,askreddit
exmuslim,debatereligion
subredditdrama,games
debateachristian,christianvideo
digital_immortality,decidingtobebetter
askreddit,funny
subredditdrama,atheism
swoleacceptance,fitness
lgbt,trueatheism
srsdiscussion,adviceanimals
gifrequests,hockey
statistics,ecology
soccer,atletico
catholicism,mexico
teenmfa,malefashionadvice
dogecrafters,dogecoin
visualnovels,vndiscuss
circlebroke,adviceanimals
asksocialscience,iama
ronandfez,electronic_cigarette
dallas,techsupport
enhancement,hearthstone
askreddit,standupshots
casualiama,iama
relationships,asktransgender
jailbreak,iosthemes
asktransgender,relationships
productivity,iama
atletico,soccer
autos,projectcar
cars,projectcar
casualiama,nameaserver
casualiama,askreddit
gunsarecool,liberal
jobs4bitcoins,bitcoin
jobs4bitcoins,coinflow
writing,selfpublish
forhire,bitcoin
forhire,coinflow
civcraft,civnewcovenant
civcraft,themetropolis
crazyideas,politics
thepopcornstand,angrymail
thepopcornstand,subredditdrama
thepopcornstand,subredditdramadrama
winnipegjets,hockey
panthers,49ers
killingfloor,steam
mensrights,askreddit
relationship_advice,askreddit
pathofexile,suggestpoe
tuckedinkitties,cats
sysadmin,sql
thegameison,sherlock
iama,videos
chargers,charitablebets
askscience,wtf
subredditdrama,leagueoflegends
ultralight,campingandhiking
johnlock,thegameison
asktransgender,pornfree
subnaked50,bitcoinmarkets
shuttle,androidquestions
literature,books
hailcorporate,todayilearned
corejerk,posthardcore
animesuggest,anime
stopdrinking,socialanxiety
unsentletters,offmychest
subredditdrama,karmacourt
assistance,exmormon
internet_box,gaming
learnfinnish,judgemyaccent
games,gamedeals
seinfeld,iama
photographs,photography
needamod,imaginarynetwork
asktransgender,science
scamcoin,coinyewest
oakland,sanfrancisco
bayarea,oakland
bayarea,sanfrancisco
thehiddenbar,writingprompts
circlejerkcopypasta,askreddit
sanfrancisco,oakland
motorcycles,cars
40krpg,asksciencefiction
theoryofreddit,pokemon
ukguns,shotguns
tolkienfans,todayilearned
analog,picturechallenge
artistlounge,redditgetsdrawn
taoism,debatereligion
lasers,electronic_cigarette
boogie2988,xboxone
linguistics,askhistorians
askphilosophy,askreddit
circlebroke,bestof
gunners,footballhighlights
mensrights,todayilearned
laliga,footballhighlights
subredditdrama,anarchism
subredditdrama,metanarchism
depression,suicidewatch
leagueoflegends,whowouldwin
sixwordstories,writingprompts
triathlon,bicycling
gaeilge,linguistics
britishsuccess,iama
icandrawthat,cars
resissues,sf4
srssucks,srsdiscussion
subredditdrama,orvilleawards
stlouis,weddingplanning
lotrlcg,boardgames
thewalkingdeadgame,gaming4gamers
spaceengineers,exodusrp
lotr,tolkienfans
perth,pics
fantasy,tolkienfans
thehobbit,tolkienfans
circlejerkcopypasta,worldnews
lordoftherings,tolkienfans
srsdiscussion,shitredditsays
bugs,sf4
askhistorians,todayilearned
circlejerkcopypasta,nba
iama,nationals
asktransgender,askreddit
bandnames,askreddit
magicthecirclejerking,magictcg
civcraftexchange,civcraft_orion
scotch,bourbon
scotch,worldwhisky
tf2,steam
gamedealsmeta,gamedeals
dadjokes,askreddit
subredditdrama,trollxchromosomes
relationships,sex
mtglegacy,magictcg
autocad,woodworking
askmen,sex
games,ffxi
legaladvice,firearms
shitstatistssay,enoughlibertarianspam
mmorpg,ffxi
circlebroke,todayilearned
circlejerkcopypasta,nottheonion
karmacourtattorneys,karmacourt
ffxi,mmorpg
ffxi,finalfantasy
ffxi,games
beermoney,freebies
askmoderators,climateskeptics
finalfantasy,ffxi
religion,insurance
subredditdrama,iama
gonewildstories,gaystoriesgonewild
jokewriting,6000jokes
iama,gamingpc
libertarian,worldnews
dailydot,askhistorians
dailydot,videos
dailydot,thathappened
dailydot,iama
dailydot,philadelphia
dailydot,denver
dailydot,woahdude
dailydot,explainlikeimfive
dailydot,ask_politics
askreddit,askphilosophy
dadjokes,wtf
buddhism,askreddit
tagpro,oceanictagpro
asroma,mls
leagueoflegends,lolchampconcepts
iama,posthardcore
mwo,outreachhpg
civcraft,civpetrania
52weeksofdesign,graphic_design
aquariums,lego
buildapc,buildapcforme
lifeprotips,askreddit
movies,todayilearned
wreddittv,wreddittvweeklies
raisedbynarcissists,lostgeneration
wargaming,redditrequest
subredditdrama,justiceporn
buildapc,buildapcsales
askreddit,wtf
mechanicadvice,nissan
sto,stobuilds
argentinacirclejerk,argentina
gbr4r,crossdressing
karmacourtblog,karmacourt
askmen,askwomen
sfgiants,49ers
androidcirclejerk,android
finalfantasy,pcmasterrace
exjw,askreddit
physics,askscience
europeanmalefashion,malefashionadvice
tppn,tagpro
badhistory,mapporn
randomactsofpizza,pics
androidusers,android
furaffinitybot,furry
atheism,adviceanimals
gtaonline,grandtheftautov
gifrequests,49ers
truetf2,tf2
pokemongiveaway,pokemontrades
shitredditsays,soccer
destiny,starcraft
askreddit,gadgets
askreddit,technology
shittydebatecommunism,libertarian
programmingbuddies,javahelp
modhelp,pokemensrights
loremasters,pathfinder_rpg
dogecoin,dogecoinpif
circlebroke,respectporn
gaybroscirclejerk,gaybros
panthers,49ers
suicidewatch,wichita
suicidewatch,christianity
blogging,forhire
msdrahcir,giftcardexchange
haskell,learnprogramming
freemasonry,askreddit
legaladvice,self
dirtykikpals,dirtysnapchat
legaladvice,toronto
gaming,xboxone
mensrightsmeta,mensrights
cooking,foodporn
changemyview,theredpill
firefox,rant
houstonsocials,houstonsoccer
help,randomactsofgaming
design,android
industrialdesign,askreddit
education,raisedbynarcissists
shortstories,books
politic,australia
australianpolitics,australia
hailcorporate,cats
tipofmypenis,anal
marketing,android
atletico,soccer
bitcoin,bitcoinmining
erba,italy
christianity4real,truechristian
bandnames,fitness
gybb,grandtheftautov
gtaa,gtaonline
movielists,movies
nofap,wtf
oculus,movies
oculus,iama
chastitytraining,chastity
london,askuk
gamesell,gamedeals
sysadmin,askreddit
nomormons,latterdaysaints
subredditdrama,starbound
dailydot,netsec
dailydot,funnysigns
dailydot,theoryofreddit
dailydot,askreddit
dailydot,nyjets