source_subreddit,target_subreddit
leagueoflegends,teamredditteams
theredlion,soccer
inlandempire,bikela
nfl,cfb
playmygame,gamedev
dogemarket,dogecoin
locationbot,legaladvice
indiefied,aww
posthardcore,bestof2013
posthardcore,corejerk
gfycat,india
metalcore,bestof2013
metalcore,corejerk
suicidewatch,offmychest
dogecoin,novacoin
gaming4gamers,fallout
kpop,dota2
airsoft,airsoftmarket
circlebroke,childfree
tribes,games
oldschoolcoolnsfw,pics
fl_vapers,vaperequests
jailbreak,flextweak
corejerk,bestof2013
iama,todayilearned
bandnames,books
thedoctorstravels,hungergamesrp
politicaldiscussion,todayilearned
uncomfortableqs,debatereligion
connecticut,ctbeer
metafitnesscirclejerk,fitnesscirclejerk
srssucks,funny
thehiddenbar,writingprompts
circlejerkcopypasta,askreddit
karmaconspiracy,funny
denverbroncos,seahawks
askreddit,todayilearned
civcraft,leningrad
gaybros,askreddit
turntablists,vinyl
minecraftbattles,minecraft
highqualitygifs,bestof2013
reactiongifs,bestof2013
badkarma,gamesell
civcraft,lifeprotips
writingprompts,pics
bluebirds,soccer
askanthropology,askhistorians
hailcorporate,firstworldanarchists
badhistory,worldpolitics
jobs4dogecoins,dogecoin
swoleacceptance,gainit
conspiratard,badscience
casualiama,teenagers
radioreddit,python
australia,sydney
minnesotavikings,nfl
civagora,civcraft
booksuggestions,books
thepopcornstand,news
redskins,nfl
datarecovery,dogecoin
basicincome,canadapolitics
autism,aspergers
raisedbynarcissists,adviceanimals
baramanga,gaybros
baramanga,gaymers
hailcorporate,cfb
metaphotography,photography
silkroad,themarketplace
darknetmarkets,themarketplace
askmen,askwomen
circloljerk,leagueoflegends
blackfellas,changemyview
enhancement,contagiouslaughter
hailcorporate,getmotivated
writingprompts,gifs
subredditdrama,reactiongifs
bitcoin,novacoin
codghosts,games
mlptcg,mylittlepony
tagpro,oceanictagpro
yugijerk,yugioh
civsolitude,civcraft
apps,askreddit
dadjokes,askreddit
copypasta,fffffffuuuuuuuuuuuu
ghosts,askreddit
ghosts,mysteriesoftheworld
vita,games
paranormal,wanttobelieve
dailydot,television
dailydot,iama
dailydot,mildlyinteresting
dailydot,movies
dailydot,nostupidquestions
dailydot,ask_politics
cryptozoology,wanttobelieve
skeptic,wanttobelieve
circlejerkcopypasta,mensrights
alaskanmalamute,dogtraining
dogecoin,dogecoindev
goldenrealm,mcservers
hailcorporate,frugal
explainlikeimfive,technology
circlebroke,science
circlebroke,environment
copypasta,wtf
education,parenting
chromecast,android
askscience,videos
hailcorporate,prettygirls
television,televisionclub
ar15,guns
koryu,martialarts
dadjokes,explainlikeimfive
seduction,socialskills
secondworldanarchists,firstworldanarchists
sysadmin,askreddit
uhccourtroom,ultrahardcore
nofap,meditation
ps4,twitch
doctorsyn,starcitizen_trades
civrealms,civcraft
boxingcirclejerk,boxing
futurebeats,trap
offmychest,worldnews
modernmagic,spikes
thehiddenbar,writingprompts
djent,metalcore
againstmensrights,subredditdrama
nba,nfl
circlebroke,lostgeneration
chelseafc,soccer
atheism,nfl
atheism,subredditdrama
pornfree,nofap
iama,harley
soccer,ligue1
gameboy,gamesell
subredditdrama,orvilleawards
smitelfm,smite
pokemongiveaway,pokemontrades
magicthecirclejerking,magictcg
badphilosophy,pics
bitcoinmarkets,bitcoin
askhistory,worldnews
london,askreddit
windowsphone,wplockscreens
gunners,soccer
enoughlibertarianspam,anarchism
soccer,jleague
soccer,leaguetwo
soccer,laliga
exmuslim,islam
writingprompts,gaming
outoftheloop,todayilearned
hailcorporate,progresspics
urbanplanning,lahabra
bigfoot,wanttobelieve
dogecoin,dogecoinpif
modhelp,dredmorbius
conspiracy,conspiratocracy
twitch,smite
pornoverlords,quotesporn
relationships,askpsychology
detroitredwings,leafs
nflofftopic,funny
brisbane,australia
askreddit,pics
starcitizen_trades,doctorsyn
seinfeld,iama
movies,iama
weirdenglish,funny
javascriptart,findareddit
outreachhpg,mwo
flextweak,jailbreak
tifu,adviceanimals
gamecollecting,gamesell
tolkienfans,askhistorians
digital_immortality,futurology
gradschool,iama
assassinscreed,science
weddingplanning,efreebies
pokemonromhacks,silentsapphire
purplepilldebate,thebluepill
wiiu,smashbros
bitcoinfrance,bitcoin
writingprompts,askreddit
tf2weaponideas,tf2
learndota2,dota2
subredditdrama,news
atletico,soccer
perfectloops,educationalgifs
hailcorporate,mildlyinteresting
bitcoincirclejerk,bitcoin
circlejerkcopypasta,bitcoin
altcoin,novacoin
circlebroke,funny
writing,youshouldknow
karmacourt,wiiu
dogemining,litecoinmining
foreveralone,relationships
truestl,skyrim
stalkerwatch,conspiracy
asknetsec,iwanttolearn
trees,askreddit
corejerk,metalcore
debatereligion,exmuslim
trees,iama
iama,wtf
iwanttolearn,askreddit
dailydot,losangeles
dailydot,cosplay
dailydot,askscience
dailydot,nfl
dailydot,iama
dailydot,nosleep
dailydot,woahdude
dailydot,explainlikeimfive
iama,3dprinting
femalefashionadvice,goodyearwelt
buildapc,buildapcsales
atheism,islam
music,todayilearned
asktrp,askmen
subredditdrama,science
openbroke,science
crazyideas,iama
luthier,mandolin
frugal,personalfinance
mandolin,luthier
hailcorporate,funny
asktransgender,transpassing
conspiracy,news
pokemonrng,shinypokemon
gifrequests,community
help,gamedev
xxketo,keto
karmacourtattorneys,karmacourtblog
swoleacceptance,funny
rawdenim,goodyearwelt
dogecoinbeg,dogemining
askhistorians,iama
shitredditsays,programming
ptcgo,pokemon
dogecoin,iama
paradoxplaza,eu4
purplepilldebate,redkings
runescape,askreddit
askreddit,weddingplanning
vita,iama
rangers,hockey
randomactsofgaming,globaloffensive
seduction,depression
bitvid,cringe
cowboys,nfl
bikeshop,randomactsofbicycle
smitelfm,smite
india,medicalschool
scientology,tellusofyourgods
engineering,netsec
improv,casualiama
mindcrackdiscussion,mindcrack
mcfc,chibears
edmproduction,videos
metanarchism,anarchism
nolibswatch,atheism
jailbreak,pebble
frisson,teenagers
circlejerkcopypasta,circlebroke
yiff,furry
circlejerkcopypasta,swiftmangacomics
pokemon,todayilearned
srsmen,trollychromosome
frisson,aww
thehiddenbar,writingprompts
rawdenim,malefashionadvice
casualiama,fantheories
darknetmarkets,silkroad
nbacirclejerk,nba
karmaconspiracy,iama
pokemonvgc,pokemon
subredditdrama,circlebroke
bitcoinmarkets,bitcoin
browns,nfl
bitcoin,bing
circlebroke,debatereligion
deadbedrooms,sex
buildapc,htpc
swoleacceptance,wtf
needadvice,pcmasterrace
dayz,truegaming
offmychest,schizoid
relationships,sex
outoftheloop,talesfromretail
tablets,gaming
dadjokes,pics
